<?xml version="1.0" encoding="utf-8"?>
<!--/18303872/300009/2.50/11/2/Integrated Circuit/-->
<quadcept_library>
  <setting unit="mil" />
  <textstyle name="Default" height="47.244094488189" strokewidth="7.8740157480315" charwidth="47.244094488189" />
  <textstyle name="Dimension" height="19.6850393700787" strokewidth="0" charwidth="19.6850393700787" />
  <textstyle name="H127W0635TH00762" height="50" strokewidth="3" charwidth="25" />
  <textstyle name="H15W15TH02" height="59.0551181102362" strokewidth="7.8740157480315" charwidth="59.0551181102362" />
  <padstyle name="r240_130" surface="True" plated="False" isvia="False" nopaste="False" nomask="True" complex="False" holesize="0">
    <padshape layer="TOP" shape="rectangle" width="51.181102362204" height="94.488188976377" />
    <padshape layer="TOP_SOLDER_MASK" shape="rectangle" width="59.055118110235" height="102.36220472441" />
    <padshape layer="TOP_SOLDER_PASTE" shape="rectangle" width="51.181102362204" height="94.488188976377" />
  </padstyle>
  <padstyle name="c134.5_h269" surface="False" plated="True" isvia="False" nopaste="True" nomask="True" complex="False" holesize="105.90551181102">
    <padshape layer="TOP" shape="round" width="52.952755905511" height="52.952755905511" />
    <padshape layer="TOP_SOLDER_MASK" shape="round" width="60.826771653543" height="60.826771653543" />
    <padshape layer="INNER" shape="round" width="52.952755905511" height="52.952755905511" />
    <padshape layer="BOTTOM" shape="round" width="52.952755905511" height="52.952755905511" />
    <padshape layer="BOTTOM_SOLDER_MASK" shape="round" width="60.826771653543" height="60.826771653543" />
  </padstyle>
  <padstyle name="c102.5_h205" surface="False" plated="True" isvia="False" nopaste="True" nomask="True" complex="False" holesize="80.708661417322">
    <padshape layer="TOP" shape="round" width="40.354330708661" height="40.354330708661" />
    <padshape layer="TOP_SOLDER_MASK" shape="round" width="48.228346456692" height="48.228346456692" />
    <padshape layer="INNER" shape="round" width="40.354330708661" height="40.354330708661" />
    <padshape layer="BOTTOM" shape="round" width="40.354330708661" height="40.354330708661" />
    <padshape layer="BOTTOM_SOLDER_MASK" shape="round" width="48.228346456692" height="48.228346456692" />
  </padstyle>
  <padstyle name="r320_250" surface="True" plated="False" isvia="False" nopaste="False" nomask="True" complex="False" holesize="0">
    <padshape layer="TOP" shape="rectangle" width="98.425196850392" height="125.9842519685" />
    <padshape layer="TOP_SOLDER_MASK" shape="rectangle" width="106.29921259842" height="133.85826771653" />
    <padshape layer="TOP_SOLDER_PASTE" shape="rectangle" width="98.425196850392" height="125.9842519685" />
  </padstyle>
  <padstyle name="r400_375" surface="True" plated="False" isvia="False" nopaste="False" nomask="True" complex="False" holesize="0">
    <padshape layer="TOP" shape="rectangle" width="147.63779527559" height="157.48031496063" />
    <padshape layer="TOP_SOLDER_MASK" shape="rectangle" width="155.51181102362" height="165.35433070866" />
    <padshape layer="TOP_SOLDER_PASTE" shape="rectangle" width="147.63779527559" height="157.48031496063" />
  </padstyle>
  <footprint name="PEC11J9220FS0015" originx="0" originy="0" pickpointx="0" pickpointy="0">
    <pcbpin number="1" name="A1" style="r240_130" originx="-98.425196850392" originy="-287.40157480315" rotation="0" />
    <pcbpin number="2" name="B1" style="r240_130" originx="98.425196850392" originy="-287.40157480315" rotation="0" />
    <pcbpin number="3" name="C1" style="r240_130" originx="0" originy="-287.40157480315" rotation="0" />
    <pcbpin number="4" name="D1" style="r240_130" originx="-98.425196850392" originy="275.5905511811" rotation="0" />
    <pcbpin number="5" name="E1" style="r240_130" originx="98.425196850392" originy="275.5905511811" rotation="0" />
    <pcbpin number="6" name="MH1" style="c134.5_h269" originx="0" originy="-177.16535433071" rotation="90" />
    <pcbpin number="7" name="MH2" style="c102.5_h205" originx="0" originy="0" rotation="90" />
    <pcbpin number="8" name="MP1" style="r320_250" originx="-196.85039370078" originy="-311.02362204724" rotation="0" />
    <pcbpin number="9" name="MP2" style="r320_250" originx="196.85039370078" originy="-311.02362204724" rotation="0" />
    <pcbpin number="10" name="MP3" style="r400_375" originx="-250.9842519685" originy="0" rotation="0" />
    <pcbpin number="11" name="MP4" style="r400_375" originx="250.9842519685" originy="0" rotation="0" />
    <pcbpin number="12" name="MP5" style="r320_250" originx="-196.85039370078" originy="311.02362204724" rotation="0" />
    <pcbpin number="13" name="MP6" style="r320_250" originx="196.85039370078" originy="311.02362204724" rotation="0" />
    <line layer="TOP_ASSEMBLY" originx="-230.31496062992" originy="-279.52755905511" endx="230.31496062992" endy="-279.52755905511" width="3.9370078740157" />
    <line layer="TOP_ASSEMBLY" originx="230.31496062992" originy="-279.52755905511" endx="230.31496062992" endy="279.52755905511" width="3.9370078740157" />
    <line layer="TOP_ASSEMBLY" originx="230.31496062992" originy="279.52755905511" endx="-230.31496062992" endy="279.52755905511" width="3.9370078740157" />
    <line layer="TOP_ASSEMBLY" originx="-230.31496062992" originy="279.52755905511" endx="-230.31496062992" endy="-279.52755905511" width="3.9370078740157" />
    <line layer="TOP_PLACE_BOUND" originx="-364.17322834645" originy="413.38582677165" endx="364.17322834645" endy="413.38582677165" width="3.9370078740157" />
    <line layer="TOP_PLACE_BOUND" originx="364.17322834645" originy="413.38582677165" endx="364.17322834645" endy="-460.62992125984" width="3.9370078740157" />
    <line layer="TOP_PLACE_BOUND" originx="364.17322834645" originy="-460.62992125984" endx="-364.17322834645" endy="-460.62992125984" width="3.9370078740157" />
    <line layer="TOP_PLACE_BOUND" originx="-364.17322834645" originy="-460.62992125984" endx="-364.17322834645" endy="413.38582677165" width="3.9370078740157" />
    <line layer="TOP_SILKSCREEN" originx="-98.425196850392" originy="-401.5748031496" endx="-98.425196850392" endy="-401.5748031496" width="3.9370078740157" />
    <arc layer="TOP_SILKSCREEN" originx="-98.425196850392" originy="-399.60629921259" startangle="-90.0" sweepangle="180.0" radius="1.9685039370078" width="3.9370078740157" />
    <line layer="TOP_SILKSCREEN" originx="-98.425196850392" originy="-397.63779527559" endx="-98.425196850392" endy="-397.63779527559" width="3.9370078740157" />
    <arc layer="TOP_SILKSCREEN" originx="-98.425196850392" originy="-399.60629921259" startangle="90.0" sweepangle="180.0" radius="1.9685039370078" width="3.9370078740157" />
    <line layer="TOP_SILKSCREEN" originx="-59.055118110235" originy="279.52755905511" endx="59.055118110235" endy="279.52755905511" width="7.8740157480314" />
    <line layer="TOP_SILKSCREEN" originx="230.31496062992" originy="-94.488188976377" endx="230.31496062992" endy="-236.22047244094" width="7.8740157480314" />
    <line layer="TOP_SILKSCREEN" originx="-230.31496062992" originy="-94.488188976377" endx="-230.31496062992" endy="-236.22047244094" width="7.8740157480314" />
    <line layer="TOP_SILKSCREEN" originx="-230.31496062992" originy="236.22047244094" endx="-230.31496062992" endy="94.488188976377" width="7.8740157480314" />
    <line layer="TOP_SILKSCREEN" originx="230.31496062992" originy="236.22047244094" endx="230.31496062992" endy="94.488188976377" width="7.8740157480314" />
  </footprint>
  <symbol name="PEC11J-9220F-S0015" originx="0" originy="0">
    <line originx="200" originy="100" endx="1100" endy="100" width="0" />
    <line originx="1100" originy="-600" endx="1100" endy="100" width="0" />
    <line originx="1100" originy="-600" endx="200" endy="-600" width="0" />
    <line originx="200" originy="100" endx="200" endy="-600" width="0" />
    <sympin number="1" originx="200" originy="0" rotation="180" length="100" width="7.8740157480315" flipped="False">
      <text name="pinname" originx="230" originy="0" style="Default" rotation="0" justify="left" flipped="False" hidden="False" data="CHANNEL_A" />
      <text name="pindes" originx="140" originy="20" style="Default" rotation="0" justify="lowerright" flipped="False" hidden="False" data="A1" />
    </sympin>
    <sympin number="2" originx="200" originy="-100" rotation="180" length="100" width="7.8740157480315" flipped="False">
      <text name="pinname" originx="230" originy="-100" style="Default" rotation="0" justify="left" flipped="False" hidden="False" data="CHANNEL_B" />
      <text name="pindes" originx="140" originy="-80" style="Default" rotation="0" justify="lowerright" flipped="False" hidden="False" data="B1" />
    </sympin>
    <sympin number="3" originx="200" originy="-200" rotation="180" length="100" width="7.8740157480315" flipped="False">
      <text name="pinname" originx="230" originy="-200" style="Default" rotation="0" justify="left" flipped="False" hidden="False" data="CHANNEL_C" />
      <text name="pindes" originx="140" originy="-180" style="Default" rotation="0" justify="lowerright" flipped="False" hidden="False" data="C1" />
    </sympin>
    <sympin number="4" originx="200" originy="-300" rotation="180" length="100" width="7.8740157480315" flipped="False">
      <text name="pinname" originx="230" originy="-300" style="Default" rotation="0" justify="left" flipped="False" hidden="False" data="DUMMY_1" />
      <text name="pindes" originx="140" originy="-280" style="Default" rotation="0" justify="lowerright" flipped="False" hidden="False" data="D1" />
    </sympin>
    <sympin number="5" originx="200" originy="-400" rotation="180" length="100" width="7.8740157480315" flipped="False">
      <text name="pinname" originx="230" originy="-400" style="Default" rotation="0" justify="left" flipped="False" hidden="False" data="DUMMY_2" />
      <text name="pindes" originx="140" originy="-380" style="Default" rotation="0" justify="lowerright" flipped="False" hidden="False" data="E1" />
    </sympin>
    <sympin number="6" originx="200" originy="-500" rotation="180" length="100" width="7.8740157480315" flipped="False">
      <text name="pinname" originx="230" originy="-500" style="Default" rotation="0" justify="left" flipped="False" hidden="False" data="MP5" />
      <text name="pindes" originx="140" originy="-480" style="Default" rotation="0" justify="lowerright" flipped="False" hidden="False" data="MP1" />
    </sympin>
    <sympin number="7" originx="1100" originy="0" rotation="0" length="100" width="7.8740157480315" flipped="False">
      <text name="pinname" originx="1070" originy="0" style="Default" rotation="0" justify="right" flipped="False" hidden="False" data="MP6" />
      <text name="pindes" originx="1160" originy="20" style="Default" rotation="0" justify="lowerleft" flipped="False" hidden="False" data="MP2" />
    </sympin>
    <sympin number="8" originx="1100" originy="-100" rotation="0" length="100" width="7.8740157480315" flipped="False">
      <text name="pinname" originx="1070" originy="-100" style="Default" rotation="0" justify="right" flipped="False" hidden="False" data="MP1" />
      <text name="pindes" originx="1160" originy="-80" style="Default" rotation="0" justify="lowerleft" flipped="False" hidden="False" data="MP3" />
    </sympin>
    <sympin number="9" originx="1100" originy="-200" rotation="0" length="100" width="7.8740157480315" flipped="False">
      <text name="pinname" originx="1070" originy="-200" style="Default" rotation="0" justify="right" flipped="False" hidden="False" data="MP2" />
      <text name="pindes" originx="1160" originy="-180" style="Default" rotation="0" justify="lowerleft" flipped="False" hidden="False" data="MP4" />
    </sympin>
    <sympin number="10" originx="1100" originy="-300" rotation="0" length="100" width="7.8740157480315" flipped="False">
      <text name="pinname" originx="1070" originy="-300" style="Default" rotation="0" justify="right" flipped="False" hidden="False" data="MP3" />
      <text name="pindes" originx="1160" originy="-280" style="Default" rotation="0" justify="lowerleft" flipped="False" hidden="False" data="MP5" />
    </sympin>
    <sympin number="11" originx="1100" originy="-400" rotation="0" length="100" width="7.8740157480315" flipped="False">
      <text name="pinname" originx="1070" originy="-400" style="Default" rotation="0" justify="right" flipped="False" hidden="False" data="MP4" />
      <text name="pindes" originx="1160" originy="-380" style="Default" rotation="0" justify="lowerleft" flipped="False" hidden="False" data="MP6" />
    </sympin>
  </symbol>
  <component name="PEC11J-9220F-S0015" designatorprefix="IC" height="984.25196850392" footprint="PEC11J9220FS0015">
    <comppin designator="A1" sympin="1" pinswap="0" gateswap="0" gate="1" group="1" side="" type="Any" name="CHANNEL_A" />
    <comppin designator="B1" sympin="2" pinswap="0" gateswap="0" gate="1" group="1" side="" type="Any" name="CHANNEL_B" />
    <comppin designator="C1" sympin="3" pinswap="0" gateswap="0" gate="1" group="1" side="" type="Any" name="CHANNEL_C" />
    <comppin designator="D1" sympin="4" pinswap="0" gateswap="0" gate="1" group="1" side="" type="Any" name="DUMMY_1" />
    <comppin designator="E1" sympin="5" pinswap="0" gateswap="0" gate="1" group="1" side="" type="Any" name="DUMMY_2" />
    <comppin designator="MP1" sympin="6" pinswap="0" gateswap="0" gate="1" group="1" side="" type="Any" name="MP5" />
    <comppin designator="MP2" sympin="7" pinswap="0" gateswap="0" gate="1" group="1" side="" type="Any" name="MP6" />
    <comppin designator="MP3" sympin="8" pinswap="0" gateswap="0" gate="1" group="1" side="" type="Any" name="MP1" />
    <comppin designator="MP4" sympin="9" pinswap="0" gateswap="0" gate="1" group="1" side="" type="Any" name="MP2" />
    <comppin designator="MP5" sympin="10" pinswap="0" gateswap="0" gate="1" group="1" side="" type="Any" name="MP3" />
    <comppin designator="MP6" sympin="11" pinswap="0" gateswap="0" gate="1" group="1" side="" type="Any" name="MP4" />
    <attached_symbol gate="1" name="PEC11J-9220F-S0015" />
    <pinmap designator="A1" footprintpin="1" />
    <pinmap designator="B1" footprintpin="2" />
    <pinmap designator="C1" footprintpin="3" />
    <pinmap designator="D1" footprintpin="4" />
    <pinmap designator="E1" footprintpin="5" />
    <pinmap designator="MP1" footprintpin="6" />
    <pinmap designator="MP2" footprintpin="7" />
    <pinmap designator="MP3" footprintpin="8" />
    <pinmap designator="MP4" footprintpin="9" />
    <pinmap designator="MP5" footprintpin="10" />
    <pinmap designator="MP6" footprintpin="11" />
    <text name="Datasheet" originx="0" originy="0" style="Default" rotation="0" justify="" flipped="False" hidden="True" data="http://www.bourns.com/docs/Product-Datasheets/PEC11J.pdf" />
    <text name="Description" originx="0" originy="0" style="Default" rotation="0" justify="" flipped="False" hidden="True" data="12 mm SMD Long Life Encoder" />
    <text name="Mouser Part Number" originx="0" originy="0" style="Default" rotation="0" justify="" flipped="False" hidden="True" data="652-PEC11J9220FS0015" />
    <text name="Mouser Price/Stock" originx="0" originy="0" style="Default" rotation="0" justify="" flipped="False" hidden="True" data="https://www.mouser.co.uk/ProductDetail/Bourns/PEC11J-9220F-S0015?qs=11PymoJGorKK%252Ba0mQ8KVhA%3D%3D" />
    <text name="Manufacturer_Name" originx="0" originy="0" style="Default" rotation="0" justify="" flipped="False" hidden="True" data="Bourns" />
    <text name="Manufacturer_Part_Number" originx="1150" originy="200" style="Default" rotation="0" justify="left" flipped="False" hidden="False" data="PEC11J-9220F-S0015" />
  </component>
</quadcept_library>
