<?xml version="1.0" encoding="utf-8"?>
<!--/1247387/300009/2.50/25/3/Integrated Circuit/-->
<quadcept_library>
  <setting unit="mil" />
  <textstyle name="Default" height="47.244094488189" strokewidth="7.8740157480315" charwidth="47.244094488189" />
  <textstyle name="Dimension" height="19.6850393700787" strokewidth="0" charwidth="19.6850393700787" />
  <textstyle name="H127W0635TH00762" height="50" strokewidth="3" charwidth="25" />
  <textstyle name="H15W15TH02" height="59.0551181102362" strokewidth="7.8740157480315" charwidth="59.0551181102362" />
  <padstyle name="r80_30" surface="True" plated="False" isvia="False" nopaste="False" nomask="True" complex="False" holesize="0">
    <padshape layer="TOP" shape="rectangle" width="11.811023622047" height="31.496062992126" />
    <padshape layer="TOP_SOLDER_PASTE" shape="rectangle" width="11.811023622047" height="31.496062992126" />
    <padshape layer="TOP_SOLDER_MASK" shape="rectangle" width="19.685039370078" height="39.370078740157" />
  </padstyle>
  <padstyle name="r280_280" surface="True" plated="False" isvia="False" nopaste="False" nomask="True" complex="False" holesize="0">
    <padshape layer="TOP" shape="rectangle" width="110.23622047244" height="110.23622047244" />
    <padshape layer="TOP_SOLDER_MASK" shape="rectangle" width="118.11023622047" height="118.11023622047" />
    <padshape layer="TOP_SOLDER_PASTE" shape="rectangle" width="110.23622047244" height="110.23622047244" />
  </padstyle>
  <footprint name="QFN50P400X400X100-25N" originx="0" originy="0" pickpointx="0" pickpointy="0">
    <pcbpin number="1" name="1" style="r80_30" originx="-78.740157480314" originy="49.212598425196" rotation="90" />
    <pcbpin number="2" name="2" style="r80_30" originx="-78.740157480314" originy="29.527559055118" rotation="90" />
    <pcbpin number="3" name="3" style="r80_30" originx="-78.740157480314" originy="9.8425196850392" rotation="90" />
    <pcbpin number="4" name="4" style="r80_30" originx="-78.740157480314" originy="-9.8425196850392" rotation="90" />
    <pcbpin number="5" name="5" style="r80_30" originx="-78.740157480314" originy="-29.527559055118" rotation="90" />
    <pcbpin number="6" name="6" style="r80_30" originx="-78.740157480314" originy="-49.212598425196" rotation="90" />
    <pcbpin number="7" name="7" style="r80_30" originx="-49.212598425196" originy="-78.740157480314" rotation="0" />
    <pcbpin number="8" name="8" style="r80_30" originx="-29.527559055118" originy="-78.740157480314" rotation="0" />
    <pcbpin number="9" name="9" style="r80_30" originx="-9.8425196850392" originy="-78.740157480314" rotation="0" />
    <pcbpin number="10" name="10" style="r80_30" originx="9.8425196850392" originy="-78.740157480314" rotation="0" />
    <pcbpin number="11" name="11" style="r80_30" originx="29.527559055118" originy="-78.740157480314" rotation="0" />
    <pcbpin number="12" name="12" style="r80_30" originx="49.212598425196" originy="-78.740157480314" rotation="0" />
    <pcbpin number="13" name="13" style="r80_30" originx="78.740157480314" originy="-49.212598425196" rotation="90" />
    <pcbpin number="14" name="14" style="r80_30" originx="78.740157480314" originy="-29.527559055118" rotation="90" />
    <pcbpin number="15" name="15" style="r80_30" originx="78.740157480314" originy="-9.8425196850392" rotation="90" />
    <pcbpin number="16" name="16" style="r80_30" originx="78.740157480314" originy="9.8425196850392" rotation="90" />
    <pcbpin number="17" name="17" style="r80_30" originx="78.740157480314" originy="29.527559055118" rotation="90" />
    <pcbpin number="18" name="18" style="r80_30" originx="78.740157480314" originy="49.212598425196" rotation="90" />
    <pcbpin number="19" name="19" style="r80_30" originx="49.212598425196" originy="78.740157480314" rotation="0" />
    <pcbpin number="20" name="20" style="r80_30" originx="29.527559055118" originy="78.740157480314" rotation="0" />
    <pcbpin number="21" name="21" style="r80_30" originx="9.8425196850392" originy="78.740157480314" rotation="0" />
    <pcbpin number="22" name="22" style="r80_30" originx="-9.8425196850392" originy="78.740157480314" rotation="0" />
    <pcbpin number="23" name="23" style="r80_30" originx="-29.527559055118" originy="78.740157480314" rotation="0" />
    <pcbpin number="24" name="24" style="r80_30" originx="-49.212598425196" originy="78.740157480314" rotation="0" />
    <pcbpin number="25" name="25" style="r280_280" originx="0" originy="0" rotation="0" />
    <line layer="TOP_PLACE_BOUND" originx="-103.34645669291" originy="103.34645669291" endx="103.34645669291" endy="103.34645669291" width="1.9685039370079" />
    <line layer="TOP_PLACE_BOUND" originx="103.34645669291" originy="103.34645669291" endx="103.34645669291" endy="-103.34645669291" width="1.9685039370079" />
    <line layer="TOP_PLACE_BOUND" originx="103.34645669291" originy="-103.34645669291" endx="-103.34645669291" endy="-103.34645669291" width="1.9685039370079" />
    <line layer="TOP_PLACE_BOUND" originx="-103.34645669291" originy="-103.34645669291" endx="-103.34645669291" endy="103.34645669291" width="1.9685039370079" />
    <line layer="TOP_ASSEMBLY" originx="-78.740157480314" originy="78.740157480314" endx="78.740157480314" endy="78.740157480314" width="3.9370078740157" />
    <line layer="TOP_ASSEMBLY" originx="78.740157480314" originy="78.740157480314" endx="78.740157480314" endy="-78.740157480314" width="3.9370078740157" />
    <line layer="TOP_ASSEMBLY" originx="78.740157480314" originy="-78.740157480314" endx="-78.740157480314" endy="-78.740157480314" width="3.9370078740157" />
    <line layer="TOP_ASSEMBLY" originx="-78.740157480314" originy="-78.740157480314" endx="-78.740157480314" endy="78.740157480314" width="3.9370078740157" />
    <line layer="TOP_ASSEMBLY" originx="-78.740157480314" originy="59.055118110235" endx="-59.055118110235" endy="78.740157480314" width="3.9370078740157" />
    <arc layer="TOP_SILKSCREEN" originx="-94.488188976377" originy="78.740157480314" startangle="180" sweepangle="180" radius="4.9212598425196" width="9.8425196850392" />
    <arc layer="TOP_SILKSCREEN" originx="-94.488188976377" originy="78.740157480314" startangle="180" sweepangle="-180" radius="4.9212598425196" width="9.8425196850392" />
  </footprint>
  <symbol name="STUSB4500QTR" originx="0" originy="0">
    <line originx="200" originy="700" endx="1400" endy="700" width="0" />
    <line originx="1400" originy="-1000" endx="1400" endy="700" width="0" />
    <line originx="1400" originy="-1000" endx="200" endy="-1000" width="0" />
    <line originx="200" originy="700" endx="200" endy="-1000" width="0" />
    <sympin number="1" originx="200" originy="0" rotation="180" length="100" width="7.8740157480315" flipped="False">
      <text name="pinname" originx="230" originy="0" style="Default" rotation="0" justify="left" flipped="False" hidden="False" data="CC1DB" />
      <text name="pindes" originx="140" originy="20" style="Default" rotation="0" justify="lowerright" flipped="False" hidden="False" data="1" />
    </sympin>
    <sympin number="2" originx="200" originy="-100" rotation="180" length="100" width="7.8740157480315" flipped="False">
      <text name="pinname" originx="230" originy="-100" style="Default" rotation="0" justify="left" flipped="False" hidden="False" data="CC1" />
      <text name="pindes" originx="140" originy="-80" style="Default" rotation="0" justify="lowerright" flipped="False" hidden="False" data="2" />
    </sympin>
    <sympin number="3" originx="200" originy="-200" rotation="180" length="100" width="7.8740157480315" flipped="False">
      <text name="pinname" originx="230" originy="-200" style="Default" rotation="0" justify="left" flipped="False" hidden="False" data="NC" />
      <text name="pindes" originx="140" originy="-180" style="Default" rotation="0" justify="lowerright" flipped="False" hidden="False" data="3" />
    </sympin>
    <sympin number="4" originx="200" originy="-300" rotation="180" length="100" width="7.8740157480315" flipped="False">
      <text name="pinname" originx="230" originy="-300" style="Default" rotation="0" justify="left" flipped="False" hidden="False" data="CC2" />
      <text name="pindes" originx="140" originy="-280" style="Default" rotation="0" justify="lowerright" flipped="False" hidden="False" data="4" />
    </sympin>
    <sympin number="5" originx="200" originy="-400" rotation="180" length="100" width="7.8740157480315" flipped="False">
      <text name="pinname" originx="230" originy="-400" style="Default" rotation="0" justify="left" flipped="False" hidden="False" data="CC2DB" />
      <text name="pindes" originx="140" originy="-380" style="Default" rotation="0" justify="lowerright" flipped="False" hidden="False" data="5" />
    </sympin>
    <sympin number="6" originx="200" originy="-500" rotation="180" length="100" width="7.8740157480315" flipped="False">
      <text name="pinname" originx="230" originy="-500" style="Default" rotation="0" justify="left" flipped="False" hidden="False" data="RESET" />
      <text name="pindes" originx="140" originy="-480" style="Default" rotation="0" justify="lowerright" flipped="False" hidden="False" data="6" />
    </sympin>
    <sympin number="7" originx="500" originy="-1000" rotation="270" length="100" width="7.8740157480315" flipped="False">
      <text name="pinname" originx="500" originy="-970" style="Default" rotation="0" justify="left" flipped="False" hidden="False" data="SCL" />
      <text name="pindes" originx="480" originy="-1060" style="Default" rotation="0" justify="lowerright" flipped="False" hidden="False" data="7" />
    </sympin>
    <sympin number="8" originx="600" originy="-1000" rotation="270" length="100" width="7.8740157480315" flipped="False">
      <text name="pinname" originx="600" originy="-970" style="Default" rotation="0" justify="left" flipped="False" hidden="False" data="SDA" />
      <text name="pindes" originx="580" originy="-1060" style="Default" rotation="0" justify="lowerright" flipped="False" hidden="False" data="8" />
    </sympin>
    <sympin number="9" originx="700" originy="-1000" rotation="270" length="100" width="7.8740157480315" flipped="False">
      <text name="pinname" originx="700" originy="-970" style="Default" rotation="0" justify="left" flipped="False" hidden="False" data="DISCH" />
      <text name="pindes" originx="680" originy="-1060" style="Default" rotation="0" justify="lowerright" flipped="False" hidden="False" data="9" />
    </sympin>
    <sympin number="10" originx="800" originy="-1000" rotation="270" length="100" width="7.8740157480315" flipped="False">
      <text name="pinname" originx="800" originy="-970" style="Default" rotation="0" justify="left" flipped="False" hidden="False" data="GND" />
      <text name="pindes" originx="780" originy="-1060" style="Default" rotation="0" justify="lowerright" flipped="False" hidden="False" data="10" />
    </sympin>
    <sympin number="11" originx="900" originy="-1000" rotation="270" length="100" width="7.8740157480315" flipped="False">
      <text name="pinname" originx="900" originy="-970" style="Default" rotation="0" justify="left" flipped="False" hidden="False" data="ATTACH" />
      <text name="pindes" originx="880" originy="-1060" style="Default" rotation="0" justify="lowerright" flipped="False" hidden="False" data="11" />
    </sympin>
    <sympin number="12" originx="1000" originy="-1000" rotation="270" length="100" width="7.8740157480315" flipped="False">
      <text name="pinname" originx="1000" originy="-970" style="Default" rotation="0" justify="left" flipped="False" hidden="False" data="ADDR0" />
      <text name="pindes" originx="980" originy="-1060" style="Default" rotation="0" justify="lowerright" flipped="False" hidden="False" data="12" />
    </sympin>
    <sympin number="18" originx="1400" originy="0" rotation="0" length="100" width="7.8740157480315" flipped="False">
      <text name="pinname" originx="1370" originy="0" style="Default" rotation="0" justify="right" flipped="False" hidden="False" data="VBUS_VS_DISCH" />
      <text name="pindes" originx="1460" originy="20" style="Default" rotation="0" justify="lowerleft" flipped="False" hidden="False" data="18" />
    </sympin>
    <sympin number="17" originx="1400" originy="-100" rotation="0" length="100" width="7.8740157480315" flipped="False">
      <text name="pinname" originx="1370" originy="-100" style="Default" rotation="0" justify="right" flipped="False" hidden="False" data="A_B_SIDE" />
      <text name="pindes" originx="1460" originy="-80" style="Default" rotation="0" justify="lowerleft" flipped="False" hidden="False" data="17" />
    </sympin>
    <sympin number="16" originx="1400" originy="-200" rotation="0" length="100" width="7.8740157480315" flipped="False">
      <text name="pinname" originx="1370" originy="-200" style="Default" rotation="0" justify="right" flipped="False" hidden="False" data="VBUS_EN_SNK" />
      <text name="pindes" originx="1460" originy="-180" style="Default" rotation="0" justify="lowerleft" flipped="False" hidden="False" data="16" />
    </sympin>
    <sympin number="15" originx="1400" originy="-300" rotation="0" length="100" width="7.8740157480315" flipped="False">
      <text name="pinname" originx="1370" originy="-300" style="Default" rotation="0" justify="right" flipped="False" hidden="False" data="GPIO" />
      <text name="pindes" originx="1460" originy="-280" style="Default" rotation="0" justify="lowerleft" flipped="False" hidden="False" data="15" />
    </sympin>
    <sympin number="14" originx="1400" originy="-400" rotation="0" length="100" width="7.8740157480315" flipped="False">
      <text name="pinname" originx="1370" originy="-400" style="Default" rotation="0" justify="right" flipped="False" hidden="False" data="POWER_OK3" />
      <text name="pindes" originx="1460" originy="-380" style="Default" rotation="0" justify="lowerleft" flipped="False" hidden="False" data="14" />
    </sympin>
    <sympin number="13" originx="1400" originy="-500" rotation="0" length="100" width="7.8740157480315" flipped="False">
      <text name="pinname" originx="1370" originy="-500" style="Default" rotation="0" justify="right" flipped="False" hidden="False" data="ADDR1" />
      <text name="pindes" originx="1460" originy="-480" style="Default" rotation="0" justify="lowerleft" flipped="False" hidden="False" data="13" />
    </sympin>
    <sympin number="25" originx="500" originy="700" rotation="90" length="100" width="7.8740157480315" flipped="False">
      <text name="pinname" originx="500" originy="670" style="Default" rotation="0" justify="right" flipped="False" hidden="False" data="EP" />
      <text name="pindes" originx="480" originy="760" style="Default" rotation="0" justify="lowerleft" flipped="False" hidden="False" data="25" />
    </sympin>
    <sympin number="24" originx="600" originy="700" rotation="90" length="100" width="7.8740157480315" flipped="False">
      <text name="pinname" originx="600" originy="670" style="Default" rotation="0" justify="right" flipped="False" hidden="False" data="VDD" />
      <text name="pindes" originx="580" originy="760" style="Default" rotation="0" justify="lowerleft" flipped="False" hidden="False" data="24" />
    </sympin>
    <sympin number="23" originx="700" originy="700" rotation="90" length="100" width="7.8740157480315" flipped="False">
      <text name="pinname" originx="700" originy="670" style="Default" rotation="0" justify="right" flipped="False" hidden="False" data="VREG_2V7" />
      <text name="pindes" originx="680" originy="760" style="Default" rotation="0" justify="lowerleft" flipped="False" hidden="False" data="23" />
    </sympin>
    <sympin number="22" originx="800" originy="700" rotation="90" length="100" width="7.8740157480315" flipped="False">
      <text name="pinname" originx="800" originy="670" style="Default" rotation="0" justify="right" flipped="False" hidden="False" data="VSYS" />
      <text name="pindes" originx="780" originy="760" style="Default" rotation="0" justify="lowerleft" flipped="False" hidden="False" data="22" />
    </sympin>
    <sympin number="21" originx="900" originy="700" rotation="90" length="100" width="7.8740157480315" flipped="False">
      <text name="pinname" originx="900" originy="670" style="Default" rotation="0" justify="right" flipped="False" hidden="False" data="VREG_1V2" />
      <text name="pindes" originx="880" originy="760" style="Default" rotation="0" justify="lowerleft" flipped="False" hidden="False" data="21" />
    </sympin>
    <sympin number="20" originx="1000" originy="700" rotation="90" length="100" width="7.8740157480315" flipped="False">
      <text name="pinname" originx="1000" originy="670" style="Default" rotation="0" justify="right" flipped="False" hidden="False" data="POWER_OK2" />
      <text name="pindes" originx="980" originy="760" style="Default" rotation="0" justify="lowerleft" flipped="False" hidden="False" data="20" />
    </sympin>
    <sympin number="19" originx="1100" originy="700" rotation="90" length="100" width="7.8740157480315" flipped="False">
      <text name="pinname" originx="1100" originy="670" style="Default" rotation="0" justify="right" flipped="False" hidden="False" data="ALERT" />
      <text name="pindes" originx="1080" originy="760" style="Default" rotation="0" justify="lowerleft" flipped="False" hidden="False" data="19" />
    </sympin>
  </symbol>
  <component name="STUSB4500QTR" designatorprefix="IC" height="39.370078740157" footprint="QFN50P400X400X100-25N">
    <comppin designator="1" sympin="1" pinswap="0" gateswap="0" gate="1" group="1" side="" type="Any" name="CC1DB" />
    <comppin designator="2" sympin="2" pinswap="0" gateswap="0" gate="1" group="1" side="" type="Any" name="CC1" />
    <comppin designator="3" sympin="3" pinswap="0" gateswap="0" gate="1" group="1" side="" type="Any" name="NC" />
    <comppin designator="4" sympin="4" pinswap="0" gateswap="0" gate="1" group="1" side="" type="Any" name="CC2" />
    <comppin designator="5" sympin="5" pinswap="0" gateswap="0" gate="1" group="1" side="" type="Any" name="CC2DB" />
    <comppin designator="6" sympin="6" pinswap="0" gateswap="0" gate="1" group="1" side="" type="Any" name="RESET" />
    <comppin designator="7" sympin="7" pinswap="0" gateswap="0" gate="1" group="1" side="" type="Any" name="SCL" />
    <comppin designator="8" sympin="8" pinswap="0" gateswap="0" gate="1" group="1" side="" type="Any" name="SDA" />
    <comppin designator="9" sympin="9" pinswap="0" gateswap="0" gate="1" group="1" side="" type="Any" name="DISCH" />
    <comppin designator="10" sympin="10" pinswap="0" gateswap="0" gate="1" group="1" side="" type="Any" name="GND" />
    <comppin designator="11" sympin="11" pinswap="0" gateswap="0" gate="1" group="1" side="" type="Any" name="ATTACH" />
    <comppin designator="12" sympin="12" pinswap="0" gateswap="0" gate="1" group="1" side="" type="Any" name="ADDR0" />
    <comppin designator="13" sympin="13" pinswap="0" gateswap="0" gate="1" group="1" side="" type="Any" name="ADDR1" />
    <comppin designator="14" sympin="14" pinswap="0" gateswap="0" gate="1" group="1" side="" type="Any" name="POWER_OK3" />
    <comppin designator="15" sympin="15" pinswap="0" gateswap="0" gate="1" group="1" side="" type="Any" name="GPIO" />
    <comppin designator="16" sympin="16" pinswap="0" gateswap="0" gate="1" group="1" side="" type="Any" name="VBUS_EN_SNK" />
    <comppin designator="17" sympin="17" pinswap="0" gateswap="0" gate="1" group="1" side="" type="Any" name="A_B_SIDE" />
    <comppin designator="18" sympin="18" pinswap="0" gateswap="0" gate="1" group="1" side="" type="Any" name="VBUS_VS_DISCH" />
    <comppin designator="19" sympin="19" pinswap="0" gateswap="0" gate="1" group="1" side="" type="Any" name="ALERT" />
    <comppin designator="20" sympin="20" pinswap="0" gateswap="0" gate="1" group="1" side="" type="Any" name="POWER_OK2" />
    <comppin designator="21" sympin="21" pinswap="0" gateswap="0" gate="1" group="1" side="" type="Any" name="VREG_1V2" />
    <comppin designator="22" sympin="22" pinswap="0" gateswap="0" gate="1" group="1" side="" type="Any" name="VSYS" />
    <comppin designator="23" sympin="23" pinswap="0" gateswap="0" gate="1" group="1" side="" type="Any" name="VREG_2V7" />
    <comppin designator="24" sympin="24" pinswap="0" gateswap="0" gate="1" group="1" side="" type="Any" name="VDD" />
    <comppin designator="25" sympin="25" pinswap="0" gateswap="0" gate="1" group="1" side="" type="Any" name="EP" />
    <attached_symbol gate="1" name="STUSB4500QTR" />
    <pinmap designator="1" footprintpin="1" />
    <pinmap designator="2" footprintpin="2" />
    <pinmap designator="3" footprintpin="3" />
    <pinmap designator="4" footprintpin="4" />
    <pinmap designator="5" footprintpin="5" />
    <pinmap designator="6" footprintpin="6" />
    <pinmap designator="7" footprintpin="7" />
    <pinmap designator="8" footprintpin="8" />
    <pinmap designator="9" footprintpin="9" />
    <pinmap designator="10" footprintpin="10" />
    <pinmap designator="11" footprintpin="11" />
    <pinmap designator="12" footprintpin="12" />
    <pinmap designator="13" footprintpin="13" />
    <pinmap designator="14" footprintpin="14" />
    <pinmap designator="15" footprintpin="15" />
    <pinmap designator="16" footprintpin="16" />
    <pinmap designator="17" footprintpin="17" />
    <pinmap designator="18" footprintpin="18" />
    <pinmap designator="19" footprintpin="19" />
    <pinmap designator="20" footprintpin="20" />
    <pinmap designator="21" footprintpin="21" />
    <pinmap designator="22" footprintpin="22" />
    <pinmap designator="23" footprintpin="23" />
    <pinmap designator="24" footprintpin="24" />
    <pinmap designator="25" footprintpin="25" />
    <text name="Datasheet" originx="0" originy="0" style="Default" rotation="0" justify="" flipped="False" hidden="True" data="https://www.st.com/resource/en/datasheet/stusb4500.pdf" />
    <text name="Description" originx="0" originy="0" style="Default" rotation="0" justify="" flipped="False" hidden="True" data="USB Interface IC CONDITIONING &amp; INTERFACES" />
    <text name="Mouser Part Number" originx="0" originy="0" style="Default" rotation="0" justify="" flipped="False" hidden="True" data="511-STUSB4500QTR" />
    <text name="Mouser Price/Stock" originx="0" originy="0" style="Default" rotation="0" justify="" flipped="False" hidden="True" data="https://www.mouser.co.uk/ProductDetail/STMicroelectronics/STUSB4500QTR?qs=wUXugUrL1qyQbYMSzG1ujg%3D%3D" />
    <text name="Manufacturer_Name" originx="0" originy="0" style="Default" rotation="0" justify="" flipped="False" hidden="True" data="STMicroelectronics" />
    <text name="Manufacturer_Part_Number" originx="1450" originy="800" style="Default" rotation="0" justify="left" flipped="False" hidden="False" data="STUSB4500QTR" />
  </component>
</quadcept_library>
