<?xml version="1.0" encoding="utf-8"?>
<!--/1091610/300009/2.50/1/2/Connector/-->
<quadcept_library>
  <setting unit="mil" />
  <textstyle name="Default" height="47.244094488189" strokewidth="7.8740157480315" charwidth="47.244094488189" />
  <textstyle name="Dimension" height="19.6850393700787" strokewidth="0" charwidth="19.6850393700787" />
  <textstyle name="H127W0635TH00762" height="50" strokewidth="3" charwidth="25" />
  <textstyle name="H15W15TH02" height="59.0551181102362" strokewidth="7.8740157480315" charwidth="59.0551181102362" />
  <padstyle name="c155_h102" surface="False" plated="True" isvia="False" nopaste="True" nomask="True" complex="False" holesize="40.15748031496">
    <padshape layer="TOP" shape="round" width="61.023622047243" height="61.023622047243" />
    <padshape layer="TOP_SOLDER_MASK" shape="round" width="68.897637795275" height="68.897637795275" />
    <padshape layer="INNER" shape="round" width="61.023622047243" height="61.023622047243" />
    <padshape layer="BOTTOM" shape="round" width="61.023622047243" height="61.023622047243" />
    <padshape layer="BOTTOM_SOLDER_MASK" shape="round" width="68.897637795275" height="68.897637795275" />
  </padstyle>
  <footprint name="TSW-101-XX-YY-S" originx="0" originy="0" pickpointx="0" pickpointy="0">
    <pcbpin number="1" name="1" style="c155_h102" originx="0" originy="0" rotation="90" />
    <line layer="TOP_ASSEMBLY" originx="-49.999999999999" originy="49.999999999999" endx="49.999999999999" endy="49.999999999999" width="7.8740157480314" />
    <line layer="TOP_ASSEMBLY" originx="49.999999999999" originy="49.999999999999" endx="49.999999999999" endy="-49.999999999999" width="7.8740157480314" />
    <line layer="TOP_ASSEMBLY" originx="49.999999999999" originy="-49.999999999999" endx="-49.999999999999" endy="-49.999999999999" width="7.8740157480314" />
    <line layer="TOP_ASSEMBLY" originx="-49.999999999999" originy="-49.999999999999" endx="-49.999999999999" endy="49.999999999999" width="7.8740157480314" />
    <line layer="TOP_SILKSCREEN" originx="-49.999999999999" originy="49.999999999999" endx="49.999999999999" endy="49.999999999999" width="3.9370078740157" />
    <line layer="TOP_SILKSCREEN" originx="49.999999999999" originy="49.999999999999" endx="49.999999999999" endy="-49.999999999999" width="3.9370078740157" />
    <line layer="TOP_SILKSCREEN" originx="49.999999999999" originy="-49.999999999999" endx="-49.999999999999" endy="-49.999999999999" width="3.9370078740157" />
    <line layer="TOP_SILKSCREEN" originx="-49.999999999999" originy="-49.999999999999" endx="-49.999999999999" endy="49.999999999999" width="3.9370078740157" />
    <arc layer="TOP_SILKSCREEN" originx="-1.9685039370079" originy="-68.897637795275" startangle="180" sweepangle="180" radius="1.9685039370079" width="7.8740157480314" />
    <arc layer="TOP_SILKSCREEN" originx="-1.9685039370079" originy="-68.897637795275" startangle="180" sweepangle="-180" radius="1.9685039370079" width="7.8740157480314" />
    <line layer="TOP_PLACE_BOUND" originx="-97.244094488188" originy="97.244094488188" endx="97.244094488188" endy="97.244094488188" width="1.9685039370079" />
    <line layer="TOP_PLACE_BOUND" originx="97.244094488188" originy="97.244094488188" endx="97.244094488188" endy="-112.20472440945" width="1.9685039370079" />
    <line layer="TOP_PLACE_BOUND" originx="97.244094488188" originy="-112.20472440945" endx="-97.244094488188" endy="-112.20472440945" width="1.9685039370079" />
    <line layer="TOP_PLACE_BOUND" originx="-97.244094488188" originy="-112.20472440945" endx="-97.244094488188" endy="97.244094488188" width="1.9685039370079" />
  </footprint>
  <symbol name="TSW-101-07-T-S" originx="0" originy="0">
    <line originx="200" originy="100" endx="600" endy="100" width="0" />
    <line originx="600" originy="-100" endx="600" endy="100" width="0" />
    <line originx="600" originy="-100" endx="200" endy="-100" width="0" />
    <line originx="200" originy="100" endx="200" endy="-100" width="0" />
    <sympin number="1" originx="200" originy="0" rotation="180" length="100" width="7.8740157480315" flipped="False">
      <text name="pinname" originx="230" originy="0" style="Default" rotation="0" justify="left" flipped="False" hidden="False" data="1" />
      <text name="pindes" originx="140" originy="20" style="Default" rotation="0" justify="lowerright" flipped="False" hidden="False" data="1" />
    </sympin>
  </symbol>
  <component name="TSW-101-07-T-S" designatorprefix="J" height="0" footprint="TSW-101-XX-YY-S">
    <comppin designator="1" sympin="1" pinswap="0" gateswap="0" gate="1" group="1" side="" type="Any" name="1" />
    <attached_symbol gate="1" name="TSW-101-07-T-S" />
    <pinmap designator="1" footprintpin="1" />
    <text name="Datasheet" originx="0" originy="0" style="Default" rotation="0" justify="" flipped="False" hidden="True" data="http://suddendocs.samtec.com/prints/tsw-xxx-xx-xxx-x-xx-xxx-mkt.pdf" />
    <text name="Description" originx="0" originy="0" style="Default" rotation="0" justify="" flipped="False" hidden="True" data="1 Position, Single Row, Classic PCB Header Strips, 0.100&amp;quot; pitch" />
    <text name="Mouser Part Number" originx="0" originy="0" style="Default" rotation="0" justify="" flipped="False" hidden="True" data="200-TSW10107TS" />
    <text name="Mouser Price/Stock" originx="0" originy="0" style="Default" rotation="0" justify="" flipped="False" hidden="True" data="https://www.mouser.co.uk/ProductDetail/Samtec/TSW-101-07-T-S?qs=FESYatJ8odJDlFELO7FH2w%3D%3D" />
    <text name="Manufacturer_Name" originx="0" originy="0" style="Default" rotation="0" justify="" flipped="False" hidden="True" data="SAMTEC" />
    <text name="Manufacturer_Part_Number" originx="650" originy="200" style="Default" rotation="0" justify="left" flipped="False" hidden="False" data="TSW-101-07-T-S" />
  </component>
</quadcept_library>
