<?xml version="1.0" encoding="utf-8"?>
<!--/642600/300009/2.50/2/3/TVS Diode (Uni-directional)/-->
<quadcept_library>
  <setting unit="mil" />
  <textstyle name="Default" height="47.244094488189" strokewidth="7.8740157480315" charwidth="47.244094488189" />
  <textstyle name="Dimension" height="19.6850393700787" strokewidth="0" charwidth="19.6850393700787" />
  <textstyle name="H127W0635TH00762" height="50" strokewidth="3" charwidth="25" />
  <textstyle name="H15W15TH02" height="59.0551181102362" strokewidth="7.8740157480315" charwidth="59.0551181102362" />
  <padstyle name="r80_55" surface="True" plated="False" isvia="False" nopaste="False" nomask="True" complex="False" holesize="0">
    <padshape layer="TOP" shape="rectangle" width="21.653543307086" height="31.496062992126" />
    <padshape layer="TOP_SOLDER_MASK" shape="rectangle" width="29.527559055118" height="39.370078740157" />
    <padshape layer="TOP_SOLDER_PASTE" shape="rectangle" width="21.653543307086" height="31.496062992126" />
  </padstyle>
  <footprint name="ESDA25P351U1M" originx="0" originy="0" pickpointx="0" pickpointy="0">
    <pcbpin number="1" name="1" style="r80_55" originx="24.606299212598" originy="0" rotation="0" />
    <pcbpin number="2" name="2" style="r80_55" originx="-24.606299212598" originy="0" rotation="0" />
    <line layer="TOP_ASSEMBLY" originx="31.496062992126" originy="-19.685039370078" endx="-31.496062992126" endy="-19.685039370078" width="3.9370078740157" />
    <line layer="TOP_ASSEMBLY" originx="-31.496062992126" originy="-19.685039370078" endx="-31.496062992126" endy="19.685039370078" width="3.9370078740157" />
    <line layer="TOP_ASSEMBLY" originx="-31.496062992126" originy="19.685039370078" endx="31.496062992126" endy="19.685039370078" width="3.9370078740157" />
    <line layer="TOP_ASSEMBLY" originx="31.496062992126" originy="19.685039370078" endx="31.496062992126" endy="-19.685039370078" width="3.9370078740157" />
    <line layer="TOP_PLACE_BOUND" originx="74.803149606298" originy="59.055118110235" endx="-74.803149606298" endy="59.055118110235" width="3.9370078740157" />
    <line layer="TOP_PLACE_BOUND" originx="-74.803149606298" originy="59.055118110235" endx="-74.803149606298" endy="-59.055118110235" width="3.9370078740157" />
    <line layer="TOP_PLACE_BOUND" originx="-74.803149606298" originy="-59.055118110235" endx="74.803149606298" endy="-59.055118110235" width="3.9370078740157" />
    <line layer="TOP_PLACE_BOUND" originx="74.803149606298" originy="-59.055118110235" endx="74.803149606298" endy="59.055118110235" width="3.9370078740157" />
    <line layer="TOP_SILKSCREEN" originx="55.11811023622" originy="0" endx="55.11811023622" endy="0" width="3.9370078740157" />
    <arc layer="TOP_SILKSCREEN" originx="57.086614173228" originy="0" startangle="-.0" sweepangle="180.0" radius="1.9685039370079" width="3.9370078740157" />
    <line layer="TOP_SILKSCREEN" originx="51.181102362204" originy="0" endx="51.181102362204" endy="0" width="3.9370078740157" />
    <arc layer="TOP_SILKSCREEN" originx="57.086614173228" originy="0" startangle="180.0" sweepangle="180.0" radius="1.9685039370079" width="3.9370078740157" />
  </footprint>
  <symbol name="ESDA25P35-1U1M" originx="0" originy="0">
    <line originx="200" originy="0" endx="400" endy="100" width="0" />
    <line originx="400" originy="-100" endx="400" endy="100" width="0" />
    <line originx="400" originy="-100" endx="200" endy="0" width="0" />
    <line originx="200" originy="-80" endx="240" endy="-100" width="0" />
    <line originx="200" originy="-80" endx="200" endy="80" width="0" />
    <line originx="160" originy="100" endx="200" endy="80" width="0" />
    <sympin number="1" originx="200" originy="0" rotation="180" length="100" width="7.8740157480315" flipped="False">
      <text name="pinname" originx="0" originy="-20" style="Default" rotation="0" justify="upperleft" flipped="False" hidden="True" data="K" />
      <text name="pindes" originx="0" originy="20" style="Default" rotation="0" justify="lowerleft" flipped="False" hidden="False" data="1" />
    </sympin>
    <sympin number="2" originx="400" originy="0" rotation="0" length="100" width="7.8740157480315" flipped="False">
      <text name="pinname" originx="600" originy="-20" style="Default" rotation="0" justify="upperright" flipped="False" hidden="True" data="A" />
      <text name="pindes" originx="600" originy="20" style="Default" rotation="0" justify="lowerright" flipped="False" hidden="False" data="2" />
    </sympin>
  </symbol>
  <component name="ESDA25P35-1U1M" designatorprefix="D" height="23.622047244094" footprint="ESDA25P351U1M">
    <comppin designator="1" sympin="1" pinswap="0" gateswap="0" gate="1" group="1" side="" type="Any" name="K" />
    <comppin designator="2" sympin="2" pinswap="0" gateswap="0" gate="1" group="1" side="" type="Any" name="A" />
    <attached_symbol gate="1" name="ESDA25P35-1U1M" />
    <pinmap designator="1" footprintpin="1" />
    <pinmap designator="2" footprintpin="2" />
    <text name="Datasheet" originx="0" originy="0" style="Default" rotation="0" justify="" flipped="False" hidden="True" data="https://www.st.com/resource/en/datasheet/esda25p35-1u1m.pdf" />
    <text name="Description" originx="0" originy="0" style="Default" rotation="0" justify="" flipped="False" hidden="True" data="STMicroelectronics ESDA25P35-1U1M, Uni-Directional TVS Diode, 1400W, 2-Pin QFN" />
    <text name="Mouser Part Number" originx="0" originy="0" style="Default" rotation="0" justify="" flipped="False" hidden="True" data="511-ESDA25P35-1U1M" />
    <text name="Mouser Price/Stock" originx="0" originy="0" style="Default" rotation="0" justify="" flipped="False" hidden="True" data="https://www.mouser.co.uk/ProductDetail/STMicroelectronics/ESDA25P35-1U1M?qs=aVyJF2WnouQUWqgNP85ZrA%3D%3D" />
    <text name="Manufacturer_Name" originx="0" originy="0" style="Default" rotation="0" justify="" flipped="False" hidden="True" data="STMicroelectronics" />
    <text name="Manufacturer_Part_Number" originx="400" originy="250" style="Default" rotation="0" justify="lowerleft" flipped="False" hidden="False" data="ESDA25P35-1U1M" />
  </component>
</quadcept_library>
