<?xml version="1.0" encoding="utf-8"?>
<!--/1599876/300009/2.50/2/4/Fuse/-->
<quadcept_library>
  <setting unit="mil" />
  <textstyle name="Default" height="47.244094488189" strokewidth="7.8740157480315" charwidth="47.244094488189" />
  <textstyle name="Dimension" height="19.6850393700787" strokewidth="0" charwidth="19.6850393700787" />
  <textstyle name="H127W0635TH00762" height="50" strokewidth="3" charwidth="25" />
  <textstyle name="H15W15TH02" height="59.0551181102362" strokewidth="7.8740157480315" charwidth="59.0551181102362" />
  <padstyle name="r280_280" surface="True" plated="False" isvia="False" nopaste="False" nomask="True" complex="False" holesize="0">
    <padshape layer="TOP" shape="rectangle" width="110.23622047244" height="110.23622047244" />
    <padshape layer="TOP_SOLDER_MASK" shape="rectangle" width="118.11023622047" height="118.11023622047" />
    <padshape layer="TOP_SOLDER_PASTE" shape="rectangle" width="110.23622047244" height="110.23622047244" />
  </padstyle>
  <footprint name="SF2410FP100W2" originx="0" originy="0" pickpointx="0" pickpointy="0">
    <pcbpin number="1" name="1" style="r280_280" originx="-114.17322834646" originy="0" rotation="0" />
    <pcbpin number="2" name="2" style="r280_280" originx="114.17322834646" originy="0" rotation="0" />
    <line layer="TOP_ASSEMBLY" originx="-120.07874015748" originy="49.015748031495" endx="120.07874015748" endy="49.015748031495" width="7.8740157480314" />
    <line layer="TOP_ASSEMBLY" originx="120.07874015748" originy="49.015748031495" endx="120.07874015748" endy="-49.015748031495" width="7.8740157480314" />
    <line layer="TOP_ASSEMBLY" originx="120.07874015748" originy="-49.015748031495" endx="-120.07874015748" endy="-49.015748031495" width="7.8740157480314" />
    <line layer="TOP_ASSEMBLY" originx="-120.07874015748" originy="-49.015748031495" endx="-120.07874015748" endy="49.015748031495" width="7.8740157480314" />
    <line layer="TOP_PLACE_BOUND" originx="-208.66141732283" originy="94.488188976377" endx="208.66141732283" endy="94.488188976377" width="3.9370078740157" />
    <line layer="TOP_PLACE_BOUND" originx="208.66141732283" originy="94.488188976377" endx="208.66141732283" endy="-94.488188976377" width="3.9370078740157" />
    <line layer="TOP_PLACE_BOUND" originx="208.66141732283" originy="-94.488188976377" endx="-208.66141732283" endy="-94.488188976377" width="3.9370078740157" />
    <line layer="TOP_PLACE_BOUND" originx="-208.66141732283" originy="-94.488188976377" endx="-208.66141732283" endy="94.488188976377" width="3.9370078740157" />
    <line layer="TOP_SILKSCREEN" originx="-49.212598425196" originy="49.015748031495" endx="49.212598425196" endy="49.015748031495" width="3.9370078740157" />
    <line layer="TOP_SILKSCREEN" originx="49.212598425196" originy="-49.212598425196" endx="49.212598425196" endy="-49.212598425196" width="3.9370078740157" />
    <line layer="TOP_SILKSCREEN" originx="49.212598425196" originy="-49.212598425196" endx="-49.212598425196" endy="-49.212598425196" width="3.9370078740157" />
  </footprint>
  <symbol name="SF-2410FP100W-2" originx="0" originy="0">
    <line originx="200" originy="50" endx="500" endy="50" width="0" />
    <line originx="500" originy="-50" endx="500" endy="50" width="0" />
    <line originx="500" originy="-50" endx="200" endy="-50" width="0" />
    <line originx="200" originy="50" endx="200" endy="-50" width="0" />
    <line originx="200" originy="0" endx="500" endy="0" width="0" />
    <sympin number="1" originx="200" originy="0" rotation="180" length="100" width="7.8740157480315" flipped="False">
      <text name="pinname" originx="0" originy="-10" style="Default" rotation="0" justify="upperleft" flipped="False" hidden="True" data="1" />
      <text name="pindes" originx="0" originy="10" style="Default" rotation="0" justify="lowerleft" flipped="False" hidden="False" data="1" />
    </sympin>
    <sympin number="2" originx="500" originy="0" rotation="0" length="100" width="7.8740157480315" flipped="False">
      <text name="pinname" originx="700" originy="-10" style="Default" rotation="0" justify="upperright" flipped="False" hidden="True" data="2" />
      <text name="pindes" originx="700" originy="10" style="Default" rotation="0" justify="lowerright" flipped="False" hidden="False" data="2" />
    </sympin>
  </symbol>
  <component name="SF-2410FP100W-2" designatorprefix="F" height="92.913385826771" footprint="SF2410FP100W2">
    <comppin designator="1" sympin="1" pinswap="0" gateswap="0" gate="1" group="1" side="" type="Any" name="1" />
    <comppin designator="2" sympin="2" pinswap="0" gateswap="0" gate="1" group="1" side="" type="Any" name="2" />
    <attached_symbol gate="1" name="SF-2410FP100W-2" />
    <pinmap designator="1" footprintpin="1" />
    <pinmap designator="2" footprintpin="2" />
    <text name="Datasheet" originx="0" originy="0" style="Default" rotation="0" justify="" flipped="False" hidden="True" data="https://componentsearchengine.com/Datasheets/1/SF-2410FP100W-2.pdf" />
    <text name="Description" originx="0" originy="0" style="Default" rotation="0" justify="" flipped="False" hidden="True" data="Surface Mount Fuses 1.0A Fast Acting 2410 SinglFuse" />
    <text name="Mouser Part Number" originx="0" originy="0" style="Default" rotation="0" justify="" flipped="False" hidden="True" data="652-SF-2410FP100W-2" />
    <text name="Mouser Price/Stock" originx="0" originy="0" style="Default" rotation="0" justify="" flipped="False" hidden="True" data="https://www.mouser.co.uk/ProductDetail/Bourns/SF-2410FP100W-2?qs=55YtniHzbhBKO2quK4sgow%3D%3D" />
    <text name="Manufacturer_Name" originx="0" originy="0" style="Default" rotation="0" justify="" flipped="False" hidden="True" data="Bourns" />
    <text name="Manufacturer_Part_Number" originx="550" originy="150" style="Default" rotation="0" justify="left" flipped="False" hidden="False" data="SF-2410FP100W-2" />
  </component>
</quadcept_library>
