<?xml version="1.0" encoding="utf-8"?>
<!--/555479/300009/2.50/2/3/TVS Diode (Uni-directional)/-->
<quadcept_library>
  <setting unit="mil" />
  <textstyle name="Default" height="47.244094488189" strokewidth="7.8740157480315" charwidth="47.244094488189" />
  <textstyle name="Dimension" height="19.6850393700787" strokewidth="0" charwidth="19.6850393700787" />
  <textstyle name="H127W0635TH00762" height="50" strokewidth="3" charwidth="25" />
  <textstyle name="H15W15TH02" height="59.0551181102362" strokewidth="7.8740157480315" charwidth="59.0551181102362" />
  <padstyle name="r220_215" surface="True" plated="False" isvia="False" nopaste="False" nomask="True" complex="False" holesize="0">
    <padshape layer="TOP" shape="rectangle" width="84.645669291338" height="86.614173228345" />
    <padshape layer="TOP_SOLDER_MASK" shape="rectangle" width="92.519685039369" height="94.488188976377" />
    <padshape layer="TOP_SOLDER_PASTE" shape="rectangle" width="84.645669291338" height="86.614173228345" />
  </padstyle>
  <footprint name="DIOM5436X261N" originx="0" originy="0" pickpointx="0" pickpointy="0">
    <pcbpin number="1" name="1" style="r220_215" originx="-86.614173228345" originy="0" rotation="90" />
    <pcbpin number="2" name="2" style="r220_215" originx="86.614173228345" originy="0" rotation="90" />
    <line layer="TOP_PLACE_BOUND" originx="-139.76377952756" originy="87.401574803149" endx="139.76377952756" endy="87.401574803149" width="1.9685039370079" />
    <line layer="TOP_PLACE_BOUND" originx="139.76377952756" originy="87.401574803149" endx="139.76377952756" endy="-87.401574803149" width="1.9685039370079" />
    <line layer="TOP_PLACE_BOUND" originx="139.76377952756" originy="-87.401574803149" endx="-139.76377952756" endy="-87.401574803149" width="1.9685039370079" />
    <line layer="TOP_PLACE_BOUND" originx="-139.76377952756" originy="-87.401574803149" endx="-139.76377952756" endy="87.401574803149" width="1.9685039370079" />
    <line layer="TOP_ASSEMBLY" originx="-106.29921259842" originy="71.259842519684" endx="106.29921259842" endy="71.259842519684" width="3.9370078740157" />
    <line layer="TOP_ASSEMBLY" originx="106.29921259842" originy="71.259842519684" endx="106.29921259842" endy="-71.259842519684" width="3.9370078740157" />
    <line layer="TOP_ASSEMBLY" originx="106.29921259842" originy="-71.259842519684" endx="-106.29921259842" endy="-71.259842519684" width="3.9370078740157" />
    <line layer="TOP_ASSEMBLY" originx="-106.29921259842" originy="-71.259842519684" endx="-106.29921259842" endy="71.259842519684" width="3.9370078740157" />
    <line layer="TOP_ASSEMBLY" originx="-106.29921259842" originy="28.937007874015" endx="-63.976377952755" endy="71.259842519684" width="3.9370078740157" />
    <line layer="TOP_SILKSCREEN" originx="106.29921259842" originy="71.259842519684" endx="-128.93700787401" endy="71.259842519684" width="7.8740157480314" />
    <line layer="TOP_SILKSCREEN" originx="-106.29921259842" originy="-71.259842519684" endx="106.29921259842" endy="-71.259842519684" width="7.8740157480314" />
  </footprint>
  <symbol name="SMBJ24A" originx="0" originy="0">
    <line originx="200" originy="0" endx="400" endy="100" width="0" />
    <line originx="400" originy="-100" endx="400" endy="100" width="0" />
    <line originx="400" originy="-100" endx="200" endy="0" width="0" />
    <line originx="200" originy="-80" endx="240" endy="-100" width="0" />
    <line originx="200" originy="-80" endx="200" endy="80" width="0" />
    <line originx="160" originy="100" endx="200" endy="80" width="0" />
    <sympin number="1" originx="200" originy="0" rotation="180" length="100" width="7.8740157480315" flipped="False">
      <text name="pinname" originx="0" originy="-20" style="Default" rotation="0" justify="upperleft" flipped="False" hidden="True" data="K" />
      <text name="pindes" originx="0" originy="20" style="Default" rotation="0" justify="lowerleft" flipped="False" hidden="False" data="1" />
    </sympin>
    <sympin number="2" originx="400" originy="0" rotation="0" length="100" width="7.8740157480315" flipped="False">
      <text name="pinname" originx="600" originy="-20" style="Default" rotation="0" justify="upperright" flipped="False" hidden="True" data="A" />
      <text name="pindes" originx="600" originy="20" style="Default" rotation="0" justify="lowerright" flipped="False" hidden="False" data="2" />
    </sympin>
  </symbol>
  <component name="SMBJ24A" designatorprefix="D" height="102.75590551181" footprint="DIOM5436X261N">
    <comppin designator="1" sympin="1" pinswap="0" gateswap="0" gate="1" group="1" side="" type="Any" name="K" />
    <comppin designator="2" sympin="2" pinswap="0" gateswap="0" gate="1" group="1" side="" type="Any" name="A" />
    <attached_symbol gate="1" name="SMBJ24A" />
    <pinmap designator="1" footprintpin="1" />
    <pinmap designator="2" footprintpin="2" />
    <text name="Datasheet" originx="0" originy="0" style="Default" rotation="0" justify="" flipped="False" hidden="True" data="https://www.littelfuse.com/~/media/electronics/datasheets/tvs_diodes/littelfuse_tvs_diode_smbj_datasheet.pdf.pdf" />
    <text name="Description" originx="0" originy="0" style="Default" rotation="0" justify="" flipped="False" hidden="True" data="Littelfuse SMBJ24A, Uni-Directional TVS Diode, 600W, 2-Pin DO-214AA" />
    <text name="Mouser Part Number" originx="0" originy="0" style="Default" rotation="0" justify="" flipped="False" hidden="True" data="576-SMBJ24A" />
    <text name="Mouser Price/Stock" originx="0" originy="0" style="Default" rotation="0" justify="" flipped="False" hidden="True" data="https://www.mouser.co.uk/ProductDetail/Littelfuse/SMBJ24A?qs=HR2RnyOI4E69o22M0SNNgg%3D%3D" />
    <text name="Manufacturer_Name" originx="0" originy="0" style="Default" rotation="0" justify="" flipped="False" hidden="True" data="LITTELFUSE" />
    <text name="Manufacturer_Part_Number" originx="400" originy="250" style="Default" rotation="0" justify="lowerleft" flipped="False" hidden="False" data="SMBJ24A" />
  </component>
</quadcept_library>
