<?xml version="1.0" encoding="utf-8"?>
<!--/18410127/300009/2.50/2/2/TVS Diode (Uni-directional)/-->
<quadcept_library>
  <setting unit="mil" />
  <textstyle name="Default" height="47.244094488189" strokewidth="7.8740157480315" charwidth="47.244094488189" />
  <textstyle name="Dimension" height="19.6850393700787" strokewidth="0" charwidth="19.6850393700787" />
  <textstyle name="H127W0635TH00762" height="50" strokewidth="3" charwidth="25" />
  <textstyle name="H15W15TH02" height="59.0551181102362" strokewidth="7.8740157480315" charwidth="59.0551181102362" />
  <padstyle name="r122_112" surface="True" plated="False" isvia="False" nopaste="False" nomask="True" complex="False" holesize="0">
    <padshape layer="TOP" shape="rectangle" width="44.094488188976" height="48.031496062992" />
    <padshape layer="TOP_SOLDER_MASK" shape="rectangle" width="51.968503937007" height="55.905511811023" />
    <padshape layer="TOP_SOLDER_PASTE" shape="rectangle" width="44.094488188976" height="48.031496062992" />
  </padstyle>
  <footprint name="SODFL3619X98N" originx="0" originy="0" pickpointx="0" pickpointy="0">
    <pcbpin number="1" name="1" style="r122_112" originx="-59.055118110235" originy="0" rotation="90" />
    <pcbpin number="2" name="2" style="r122_112" originx="59.055118110235" originy="0" rotation="90" />
    <line layer="TOP_PLACE_BOUND" originx="-88.976377952755" originy="45.275590551181" endx="88.976377952755" endy="45.275590551181" width="1.9685039370079" />
    <line layer="TOP_PLACE_BOUND" originx="88.976377952755" originy="45.275590551181" endx="88.976377952755" endy="-45.275590551181" width="1.9685039370079" />
    <line layer="TOP_PLACE_BOUND" originx="88.976377952755" originy="-45.275590551181" endx="-88.976377952755" endy="-45.275590551181" width="1.9685039370079" />
    <line layer="TOP_PLACE_BOUND" originx="-88.976377952755" originy="-45.275590551181" endx="-88.976377952755" endy="45.275590551181" width="1.9685039370079" />
    <line layer="TOP_ASSEMBLY" originx="-53.149606299212" originy="37.401574803149" endx="53.149606299212" endy="37.401574803149" width="3.9370078740157" />
    <line layer="TOP_ASSEMBLY" originx="53.149606299212" originy="37.401574803149" endx="53.149606299212" endy="-37.401574803149" width="3.9370078740157" />
    <line layer="TOP_ASSEMBLY" originx="53.149606299212" originy="-37.401574803149" endx="-53.149606299212" endy="-37.401574803149" width="3.9370078740157" />
    <line layer="TOP_ASSEMBLY" originx="-53.149606299212" originy="-37.401574803149" endx="-53.149606299212" endy="37.401574803149" width="3.9370078740157" />
    <line layer="TOP_ASSEMBLY" originx="-53.149606299212" originy="13.385826771653" endx="-29.133858267716" endy="37.401574803149" width="3.9370078740157" />
    <line layer="TOP_SILKSCREEN" originx="-83.070866141731" originy="37.401574803149" endx="53.149606299212" endy="37.401574803149" width="7.8740157480314" />
    <line layer="TOP_SILKSCREEN" originx="-53.149606299212" originy="-37.401574803149" endx="53.149606299212" endy="-37.401574803149" width="7.8740157480314" />
  </footprint>
  <symbol name="SMF4L24AT1G" originx="0" originy="0">
    <line originx="200" originy="0" endx="400" endy="100" width="0" />
    <line originx="400" originy="-100" endx="400" endy="100" width="0" />
    <line originx="400" originy="-100" endx="200" endy="0" width="0" />
    <line originx="200" originy="-80" endx="240" endy="-100" width="0" />
    <line originx="200" originy="-80" endx="200" endy="80" width="0" />
    <line originx="160" originy="100" endx="200" endy="80" width="0" />
    <sympin number="1" originx="200" originy="0" rotation="180" length="100" width="7.8740157480315" flipped="False">
      <text name="pinname" originx="0" originy="-20" style="Default" rotation="0" justify="upperleft" flipped="False" hidden="True" data="K" />
      <text name="pindes" originx="0" originy="20" style="Default" rotation="0" justify="lowerleft" flipped="False" hidden="False" data="1" />
    </sympin>
    <sympin number="2" originx="400" originy="0" rotation="0" length="100" width="7.8740157480315" flipped="False">
      <text name="pinname" originx="600" originy="-20" style="Default" rotation="0" justify="upperright" flipped="False" hidden="True" data="A" />
      <text name="pindes" originx="600" originy="20" style="Default" rotation="0" justify="lowerright" flipped="False" hidden="False" data="2" />
    </sympin>
  </symbol>
  <component name="SMF4L24AT1G" designatorprefix="D" height="38.582677165354" footprint="SODFL3619X98N">
    <comppin designator="1" sympin="1" pinswap="0" gateswap="0" gate="1" group="1" side="" type="Any" name="K" />
    <comppin designator="2" sympin="2" pinswap="0" gateswap="0" gate="1" group="1" side="" type="Any" name="A" />
    <attached_symbol gate="1" name="SMF4L24AT1G" />
    <pinmap designator="1" footprintpin="1" />
    <pinmap designator="2" footprintpin="2" />
    <text name="Datasheet" originx="0" originy="0" style="Default" rotation="0" justify="" flipped="False" hidden="True" data="https://www.littelfuse.com/media?resourcetype=datasheets&amp;itemid=f093622a-2591-4e70-85e6-32321d2f8c5a&amp;filename=tvs-diode-smf4l-t1g-datasheet" />
    <text name="Description" originx="0" originy="0" style="Default" rotation="0" justify="" flipped="False" hidden="True" data="Low leakage Uni-directional Surface Mount 400 W TVS Diode in SOD-123FL" />
    <text name="Mouser Part Number" originx="0" originy="0" style="Default" rotation="0" justify="" flipped="False" hidden="True" data="" />
    <text name="Mouser Price/Stock" originx="0" originy="0" style="Default" rotation="0" justify="" flipped="False" hidden="True" data="" />
    <text name="Manufacturer_Name" originx="0" originy="0" style="Default" rotation="0" justify="" flipped="False" hidden="True" data="LITTELFUSE" />
    <text name="Manufacturer_Part_Number" originx="400" originy="250" style="Default" rotation="0" justify="lowerleft" flipped="False" hidden="False" data="SMF4L24AT1G" />
  </component>
</quadcept_library>
