<?xml version="1.0" encoding="utf-8"?>
<!--/1719727/300009/2.50/2/2/Capacitor Polarised/-->
<quadcept_library>
  <setting unit="mil" />
  <textstyle name="Default" height="47.244094488189" strokewidth="7.8740157480315" charwidth="47.244094488189" />
  <textstyle name="Dimension" height="19.6850393700787" strokewidth="0" charwidth="19.6850393700787" />
  <textstyle name="H127W0635TH00762" height="50" strokewidth="3" charwidth="25" />
  <textstyle name="H15W15TH02" height="59.0551181102362" strokewidth="7.8740157480315" charwidth="59.0551181102362" />
  <padstyle name="r425_210" surface="True" plated="False" isvia="False" nopaste="False" nomask="True" complex="False" holesize="0">
    <padshape layer="TOP" shape="rectangle" width="82.67716535433" height="167.32283464567" />
    <padshape layer="TOP_SOLDER_MASK" shape="rectangle" width="90.551181102361" height="175.1968503937" />
    <padshape layer="TOP_SOLDER_PASTE" shape="rectangle" width="82.67716535433" height="167.32283464567" />
  </padstyle>
  <footprint name="CAPAE830X1050N" originx="0" originy="0" pickpointx="0" pickpointy="0">
    <pcbpin number="1" name="1" style="r425_210" originx="-143.70078740157" originy="0" rotation="90" />
    <pcbpin number="2" name="2" style="r425_210" originx="143.70078740157" originy="0" rotation="90" />
    <line layer="TOP_PLACE_BOUND" originx="-247.04724409449" originy="187.00787401575" endx="247.04724409449" endy="187.00787401575" width="1.9685039370079" />
    <line layer="TOP_PLACE_BOUND" originx="247.04724409449" originy="187.00787401575" endx="247.04724409449" endy="-187.00787401575" width="1.9685039370079" />
    <line layer="TOP_PLACE_BOUND" originx="247.04724409449" originy="-187.00787401575" endx="-247.04724409449" endy="-187.00787401575" width="1.9685039370079" />
    <line layer="TOP_PLACE_BOUND" originx="-247.04724409449" originy="-187.00787401575" endx="-247.04724409449" endy="187.00787401575" width="1.9685039370079" />
    <line layer="TOP_ASSEMBLY" originx="163.38582677165" originy="163.38582677165" endx="-81.692913385826" endy="163.38582677165" width="3.9370078740157" />
    <line layer="TOP_ASSEMBLY" originx="-81.692913385826" originy="163.38582677165" endx="-163.38582677165" endy="81.692913385826" width="3.9370078740157" />
    <line layer="TOP_ASSEMBLY" originx="-163.38582677165" originy="81.692913385826" endx="-163.38582677165" endy="-81.692913385826" width="3.9370078740157" />
    <line layer="TOP_ASSEMBLY" originx="-163.38582677165" originy="-81.692913385826" endx="-81.692913385826" endy="-163.38582677165" width="3.9370078740157" />
    <line layer="TOP_ASSEMBLY" originx="-81.692913385826" originy="-163.38582677165" endx="163.38582677165" endy="-163.38582677165" width="3.9370078740157" />
    <line layer="TOP_ASSEMBLY" originx="163.38582677165" originy="-163.38582677165" endx="163.38582677165" endy="163.38582677165" width="3.9370078740157" />
    <line layer="TOP_SILKSCREEN" originx="-227.36220472441" originy="163.38582677165" endx="163.38582677165" endy="163.38582677165" width="7.8740157480314" />
    <line layer="TOP_SILKSCREEN" originx="-81.692913385826" originy="-163.38582677165" endx="163.38582677165" endy="-163.38582677165" width="7.8740157480314" />
  </footprint>
  <symbol name="EEV227M035A9MAA" originx="0" originy="0">
    <line originx="200" originy="100" endx="200" endy="-100" width="0" />
    <line originx="230" originy="-100" endx="200" endy="-100" width="0" />
    <line originx="230" originy="-100" endx="230" endy="100" width="0" />
    <line originx="200" originy="100" endx="230" endy="100" width="0" />
    <line originx="180" originy="50" endx="140" endy="50" width="0" />
    <line originx="160" originy="70" endx="160" endy="30" width="0" />
    <line originx="100" originy="0" endx="200" endy="0" width="0" />
    <line originx="300" originy="0" endx="400" endy="0" width="0" />
    <sympin number="1" originx="100" originy="0" rotation="180" length="100" width="7.8740157480315" flipped="False">
      <text name="pinname" originx="0" originy="-10" style="Default" rotation="0" justify="upperleft" flipped="False" hidden="True" data="+" />
      <text name="pindes" originx="0" originy="10" style="Default" rotation="0" justify="lowerleft" flipped="False" hidden="False" data="1" />
    </sympin>
    <sympin number="2" originx="400" originy="0" rotation="0" length="100" width="7.8740157480315" flipped="False">
      <text name="pinname" originx="500" originy="-10" style="Default" rotation="0" justify="upperright" flipped="False" hidden="True" data="-" />
      <text name="pindes" originx="500" originy="10" style="Default" rotation="0" justify="lowerright" flipped="False" hidden="False" data="2" />
    </sympin>
    <polygon type="polygon">
      <point x="300" y="100" />
      <point x="300" y="-100" />
      <point x="270" y="-100" />
      <point x="270" y="100" />
    </polygon>
  </symbol>
  <component name="EEV227M035A9MAA" designatorprefix="C" height="413.38582677165" footprint="CAPAE830X1050N">
    <comppin designator="1" sympin="1" pinswap="0" gateswap="0" gate="1" group="1" side="" type="Any" name="+" />
    <comppin designator="2" sympin="2" pinswap="0" gateswap="0" gate="1" group="1" side="" type="Any" name="-" />
    <attached_symbol gate="1" name="EEV227M035A9MAA" />
    <pinmap designator="1" footprintpin="1" />
    <pinmap designator="2" footprintpin="2" />
    <text name="Datasheet" originx="0" originy="0" style="Default" rotation="0" justify="" flipped="False" hidden="True" data="https://content.kemet.com/datasheets/KEM_A4002_EEV.pdf" />
    <text name="Description" originx="0" originy="0" style="Default" rotation="0" justify="" flipped="False" hidden="True" data="EEV, Aluminum, Aluminum Electrolytic, 220 uF, 20%, 35 VDC, -55/+105C, 105C, -55C, 105C, 2,000 Hrs, 12 % , 160 mOhms, 0.42, 77 uA, 2, 3, 8mm, 10.2mm, 500" />
    <text name="Mouser Part Number" originx="0" originy="0" style="Default" rotation="0" justify="" flipped="False" hidden="True" data="80-EEV227M035A9MAA" />
    <text name="Mouser Price/Stock" originx="0" originy="0" style="Default" rotation="0" justify="" flipped="False" hidden="True" data="https://www.mouser.co.uk/ProductDetail/KEMET/EEV227M035A9MAA?qs=T9vdlufmP8ywqIZcgRBkMQ%3D%3D" />
    <text name="Manufacturer_Name" originx="0" originy="0" style="Default" rotation="0" justify="" flipped="False" hidden="True" data="KEMET" />
    <text name="Manufacturer_Part_Number" originx="350" originy="150" style="Default" rotation="0" justify="left" flipped="False" hidden="False" data="EEV227M035A9MAA" />
  </component>
</quadcept_library>
