<?xml version="1.0" encoding="utf-8"?>
<!--/1519645/300009/2.50/5/4/MOSFET (P-Channel)/-->
<quadcept_library>
  <setting unit="mil" />
  <textstyle name="Default" height="47.244094488189" strokewidth="7.8740157480315" charwidth="47.244094488189" />
  <textstyle name="Dimension" height="19.6850393700787" strokewidth="0" charwidth="19.6850393700787" />
  <textstyle name="H127W0635TH00762" height="50" strokewidth="3" charwidth="25" />
  <textstyle name="H15W15TH02" height="59.0551181102362" strokewidth="7.8740157480315" charwidth="59.0551181102362" />
  <padstyle name="r75_40" surface="True" plated="False" isvia="False" nopaste="False" nomask="True" complex="False" holesize="0">
    <padshape layer="TOP" shape="rectangle" width="15.748031496063" height="29.527559055118" />
    <padshape layer="TOP_SOLDER_MASK" shape="rectangle" width="23.622047244094" height="37.401574803149" />
    <padshape layer="TOP_SOLDER_PASTE" shape="rectangle" width="15.748031496063" height="29.527559055118" />
  </padstyle>
  <padstyle name="r245_240" surface="True" plated="False" isvia="False" nopaste="False" nomask="True" complex="False" holesize="0">
    <padshape layer="TOP" shape="rectangle" width="94.488188976377" height="96.456692913385" />
    <padshape layer="TOP_SOLDER_MASK" shape="rectangle" width="102.36220472441" height="104.33070866142" />
    <padshape layer="TOP_SOLDER_PASTE" shape="rectangle" width="94.488188976377" height="96.456692913385" />
  </padstyle>
  <padstyle name="r53_40" surface="True" plated="False" isvia="False" nopaste="False" nomask="True" complex="False" holesize="0">
    <padshape layer="TOP" shape="rectangle" width="15.748031496063" height="20.866141732283" />
    <padshape layer="TOP_SOLDER_MASK" shape="rectangle" width="23.622047244094" height="28.740157480315" />
    <padshape layer="TOP_SOLDER_PASTE" shape="rectangle" width="15.748031496063" height="20.866141732283" />
  </padstyle>
  <footprint name="STL20N6F7" originx="0" originy="0" pickpointx="0" pickpointy="0">
    <pcbpin number="1" name="1" style="r75_40" originx="-38.385826771653" originy="-60.039370078739" rotation="0" />
    <pcbpin number="2" name="2" style="r75_40" originx="-12.795275590551" originy="-60.039370078739" rotation="0" />
    <pcbpin number="3" name="3" style="r75_40" originx="12.795275590551" originy="-60.039370078739" rotation="0" />
    <pcbpin number="4" name="4" style="r75_40" originx="38.385826771653" originy="-60.039370078739" rotation="0" />
    <pcbpin number="5" name="5" style="r245_240" originx="0" originy="27.55905511811" rotation="90" />
    <pcbpin number="6" name="6" style="r53_40" originx="-58.661417322834" originy="0" rotation="90" />
    <pcbpin number="7" name="7" style="r53_40" originx="58.661417322834" originy="0" rotation="90" />
    <line layer="TOP_ASSEMBLY" originx="-62.007874015747" originy="59.055118110235" endx="62.007874015747" endy="59.055118110235" width="7.8740157480314" />
    <line layer="TOP_ASSEMBLY" originx="62.007874015747" originy="59.055118110235" endx="62.007874015747" endy="-59.055118110235" width="7.8740157480314" />
    <line layer="TOP_ASSEMBLY" originx="62.007874015747" originy="-59.055118110235" endx="-62.007874015747" endy="-59.055118110235" width="7.8740157480314" />
    <line layer="TOP_ASSEMBLY" originx="-62.007874015747" originy="-59.055118110235" endx="-62.007874015747" endy="59.055118110235" width="7.8740157480314" />
    <line layer="TOP_PLACE_BOUND" originx="-88.779527559054" originy="94.488188976377" endx="88.779527559054" endy="94.488188976377" width="3.9370078740157" />
    <line layer="TOP_PLACE_BOUND" originx="88.779527559054" originy="94.488188976377" endx="88.779527559054" endy="-110.23622047244" width="3.9370078740157" />
    <line layer="TOP_PLACE_BOUND" originx="88.779527559054" originy="-110.23622047244" endx="-88.779527559054" endy="-110.23622047244" width="3.9370078740157" />
    <line layer="TOP_PLACE_BOUND" originx="-88.779527559054" originy="-110.23622047244" endx="-88.779527559054" endy="94.488188976377" width="3.9370078740157" />
    <line layer="TOP_SILKSCREEN" originx="-55.11811023622" originy="59.055118110235" endx="-62.007874015747" endy="59.055118110235" width="3.9370078740157" />
    <line layer="TOP_SILKSCREEN" originx="-62.007874015747" originy="59.055118110235" endx="-62.007874015747" endy="15.748031496063" width="3.9370078740157" />
    <line layer="TOP_SILKSCREEN" originx="-62.007874015747" originy="-15.748031496063" endx="-62.007874015747" endy="-59.055118110235" width="3.9370078740157" />
    <line layer="TOP_SILKSCREEN" originx="-62.007874015747" originy="-59.055118110235" endx="-55.11811023622" endy="-59.055118110235" width="3.9370078740157" />
    <line layer="TOP_SILKSCREEN" originx="55.11811023622" originy="59.055118110235" endx="62.007874015747" endy="59.055118110235" width="3.9370078740157" />
    <line layer="TOP_SILKSCREEN" originx="62.007874015747" originy="59.055118110235" endx="62.007874015747" endy="15.748031496063" width="3.9370078740157" />
    <line layer="TOP_SILKSCREEN" originx="62.007874015747" originy="-15.748031496063" endx="62.007874015747" endy="-59.055118110235" width="3.9370078740157" />
    <line layer="TOP_SILKSCREEN" originx="62.007874015747" originy="-59.055118110235" endx="55.11811023622" endy="-59.055118110235" width="3.9370078740157" />
    <line layer="TOP_SILKSCREEN" originx="-43.307086614173" originy="-86.614173228345" endx="-43.307086614173" endy="-86.614173228345" width="7.8740157480314" />
    <arc layer="TOP_SILKSCREEN" originx="-39.370078740157" originy="-86.614173228345" startangle="180.0" sweepangle="-180.0" radius="3.9370078740157" width="7.8740157480314" />
    <line layer="TOP_SILKSCREEN" originx="-35.433070866141" originy="-86.614173228345" endx="-35.433070866141" endy="-86.614173228345" width="7.8740157480314" />
    <arc layer="TOP_SILKSCREEN" originx="-39.370078740157" originy="-86.614173228345" startangle=".0" sweepangle="-180.0" radius="3.9370078740157" width="7.8740157480314" />
  </footprint>
  <symbol name="STL9P3LLH6" originx="0" originy="0">
    <line originx="200" originy="100" endx="700" endy="100" width="0" />
    <line originx="700" originy="-300" endx="700" endy="100" width="0" />
    <line originx="700" originy="-300" endx="200" endy="-300" width="0" />
    <line originx="200" originy="100" endx="200" endy="-300" width="0" />
    <sympin number="1" originx="200" originy="0" rotation="180" length="100" width="7.8740157480315" flipped="False">
      <text name="pinname" originx="230" originy="0" style="Default" rotation="0" justify="left" flipped="False" hidden="False" data="S_1" />
      <text name="pindes" originx="140" originy="20" style="Default" rotation="0" justify="lowerright" flipped="False" hidden="False" data="1" />
    </sympin>
    <sympin number="2" originx="200" originy="-100" rotation="180" length="100" width="7.8740157480315" flipped="False">
      <text name="pinname" originx="230" originy="-100" style="Default" rotation="0" justify="left" flipped="False" hidden="False" data="S_2" />
      <text name="pindes" originx="140" originy="-80" style="Default" rotation="0" justify="lowerright" flipped="False" hidden="False" data="2" />
    </sympin>
    <sympin number="3" originx="200" originy="-200" rotation="180" length="100" width="7.8740157480315" flipped="False">
      <text name="pinname" originx="230" originy="-200" style="Default" rotation="0" justify="left" flipped="False" hidden="False" data="S_3" />
      <text name="pindes" originx="140" originy="-180" style="Default" rotation="0" justify="lowerright" flipped="False" hidden="False" data="3" />
    </sympin>
    <sympin number="4" originx="700" originy="0" rotation="0" length="100" width="7.8740157480315" flipped="False">
      <text name="pinname" originx="670" originy="0" style="Default" rotation="0" justify="right" flipped="False" hidden="False" data="G" />
      <text name="pindes" originx="760" originy="20" style="Default" rotation="0" justify="lowerleft" flipped="False" hidden="False" data="4" />
    </sympin>
    <sympin number="5" originx="700" originy="-100" rotation="0" length="100" width="7.8740157480315" flipped="False">
      <text name="pinname" originx="670" originy="-100" style="Default" rotation="0" justify="right" flipped="False" hidden="False" data="D" />
      <text name="pindes" originx="760" originy="-80" style="Default" rotation="0" justify="lowerleft" flipped="False" hidden="False" data="5" />
    </sympin>
  </symbol>
  <component name="STL9P3LLH6" designatorprefix="Q" height="0" footprint="STL20N6F7">
    <comppin designator="1" sympin="1" pinswap="0" gateswap="0" gate="1" group="1" side="" type="Any" name="S_1" />
    <comppin designator="2" sympin="2" pinswap="0" gateswap="0" gate="1" group="1" side="" type="Any" name="S_2" />
    <comppin designator="3" sympin="3" pinswap="0" gateswap="0" gate="1" group="1" side="" type="Any" name="S_3" />
    <comppin designator="4" sympin="4" pinswap="0" gateswap="0" gate="1" group="1" side="" type="Any" name="G" />
    <comppin designator="5" sympin="5" pinswap="0" gateswap="0" gate="1" group="1" side="" type="Any" name="D" />
    <attached_symbol gate="1" name="STL9P3LLH6" />
    <pinmap designator="1" footprintpin="1" />
    <pinmap designator="2" footprintpin="2" />
    <pinmap designator="3" footprintpin="3" />
    <pinmap designator="4" footprintpin="4" />
    <pinmap designator="5" footprintpin="5" />
    <text name="Datasheet" originx="0" originy="0" style="Default" rotation="0" justify="" flipped="False" hidden="True" data="https://www.st.com/resource/en/datasheet/stl9p3llh6.pdf" />
    <text name="Description" originx="0" originy="0" style="Default" rotation="0" justify="" flipped="False" hidden="True" data="MOSFET P-channel -30 V, 12 mOhm typ., -9 A STripFET H6 Power MOSFET in a PowerFLAT 3.3 x 3.3 package" />
    <text name="Mouser Part Number" originx="0" originy="0" style="Default" rotation="0" justify="" flipped="False" hidden="True" data="511-STL9P3LLH6" />
    <text name="Mouser Price/Stock" originx="0" originy="0" style="Default" rotation="0" justify="" flipped="False" hidden="True" data="https://www.mouser.co.uk/ProductDetail/STMicroelectronics/STL9P3LLH6?qs=mKNKSX85ZJeHtH1e81LEbQ%3D%3D" />
    <text name="Manufacturer_Name" originx="0" originy="0" style="Default" rotation="0" justify="" flipped="False" hidden="True" data="STMicroelectronics" />
    <text name="Manufacturer_Part_Number" originx="750" originy="200" style="Default" rotation="0" justify="left" flipped="False" hidden="False" data="STL9P3LLH6" />
  </component>
</quadcept_library>
